,Age,Years of Experience,Annual Salary (USD),Credit Score,Number of Logins,Cart Abandonment Rate (%),Loyalty Score
count,20000.0,20000.0,20000.0,20000.0,20000.0,20000.0,20000.0
mean,43.4377,19.5447,107357.27315,573.4962,248.2895,50.0057375,4.97675
std,14.943907947027661,11.509375534591781,53559.85083625905,158.2199964098192,143.8765926530291,28.88780461576943,2.5895259642907598
min,18.0,0.0,15002.0,300.0,1.0,0.01,1.0
25%,31.0,10.0,61092.0,437.75,124.0,24.8,3.0
50%,43.0,20.0,107525.0,573.0,248.0,50.2,5.0
75%,56.0,29.0,153965.0,710.0,373.0,75.21,7.0
max,69.0,39.0,199999.0,849.0,499.0,100.0,9.0
