Country,Annual Salary (USD)
Australia,107028.58019953953
Brazil,108796.3384262796
Canada,105863.29502196194
China,108752.83346303501
Egypt,105791.2312267658
France,106451.86257763975
Germany,108625.30518518519
India,107824.1896144768
Japan,106790.65603644647
Mexico,106983.65897620765
Nigeria,104200.76311953353
Russia,109485.49050632911
South Korea,107959.83673469388
UK,109381.57243816255
USA,106647.49252669039
